{
  "norm_pre": {
    "mean": 0.9487432785656141,
    "std": 0.15640483572759545,
    "min": 0.1272473931312561,
    "max": 0.9942851662635803,
    "count": 46
  },
  "norm_post": {
    "mean": 0.9863827422909115,
    "std": 0.025861222825648626,
    "min": 0.85386061668396,
    "max": 0.9979522228240967,
    "count": 46
  },
  "router_or_gate": {
    "mean": 0.0037052943885403995,
    "std": 0.0023862847612805306,
    "min": -0.001658841036260128,
    "max": 0.008158602751791477,
    "count": 45
  },
  "random_baseline": {
    "cosine_mean": 0.9999000420928001,
    "cosine_std": 2.212856905633423e-06,
    "cosine_max": 0.9999085664749146,
    "pearson_mean": -7.612485346261195e-05,
    "pearson_std": 0.015770516624900383
  }
}